<?xml version="1.0"?>
<exercise>
<id>1</id>
<name>Basics of Data Types</name>
<description>Computer programs are meant to manipulate data, and this data can take many forms - numbers, text, objects, collections. Although the underlying storage mechanism is the same for any kind of data (bits and bytes of computer memory), modern programming languages provide you with "data types", which allow you to perform operations on a piece of information based on what you want it to represent - add numbers, search in text, create objects and so on.

This exercise will teach you about some of the data types available in C#, their properties and usage.</description>
<order>3</order>
<questions>
<questionId>1</questionId>
<questionId>2</questionId>
<questionId>3</questionId>
<questionId>4</questionId>
<questionId>5</questionId>
<questionId>6</questionId>
<questionId>7</questionId>
<questionId>8</questionId>
<questionId>9</questionId>
<questionId>10</questionId>
</questions>
</exercise>
